Contact Page URL,Emails
https://techreviewer.co/top-software-development-companies-in-usa,No emails found
https://companiesmarketcap.com/inr/software/largest-software-companies-by-market-cap/,No emails found
"https://www.trade.gov/selectusa-software-and-information-technology-industry#:~:text=According%20to%20CompTIA%2C%20there%20are,were%20established%20in%202019%20alone).",No emails found
https://interviewkickstart.com/blogs/articles/best-companies-to-work-for-software-engineer,No emails found
"https://metana.io/blog/which-state-has-the-most-it-companies-in-the-usa/#:~:text=For%20those%20wondering%20which%20state,the%20heart%20of%20the%20action.",No emails found
https://clutch.co/us/developers,No emails found
https://www.goodfirms.co/directory/country/top-software-development-companies/us,No emails found
https://www.topdevelopers.co/directory/software-development-companies/country/usa,No emails found
https://www.designrush.com/agency/software-development/us,No emails found
https://www.techverx.com/custom-software-development-company-usa/,No emails found
https://litslink.com/,No emails found
https://en.wikipedia.org/wiki/Category:Software_companies_of_the_United_States,No emails found
https://www.mosaicapp.com/post/best-software-development-companies-us,No emails found
https://companiesmarketcap.com/software/largest-software-companies-by-market-cap/,No emails found
https://selectedfirms.co/companies/software-development/usa,No emails found
https://topfirms.co/companies/software-development/usa,No emails found
https://www.thesoftwarereport.com/the-top-100-software-companies-of-2022/,No emails found
https://superbcompanies.com/categories/software-development-companies-in-the-usa/,No emails found
https://limeup.io/blog/software-development-companies-in-the-usa/,No emails found
https://www.linkedin.com/pulse/top-software-development-companies-usa-manektech-3rclf,No emails found
https://finance.yahoo.com/news/25-biggest-software-companies-us-123520322.html,No emails found
https://theninehertz.com/blog/top-companies/software-development-companies-in-usa,No emails found
https://www.investopedia.com/articles/personal-finance/121714/worlds-top-10-software-companies.asp,No emails found
https://outtalent.com/us50/,No emails found
https://www.solulab.com/top-software-development-companies-usa/,No emails found
https://builtin.com/companies/type/software-companies,No emails found
https://www.sortlist.com/s/software-development/united-states-us,No emails found
https://onexyazilim.com/en/list-companies/software/usa,No emails found
https://www.f6s.com/companies/software/united-states/co,No emails found
https://www.forbes.com/top-digital-companies/list/,No emails found
https://www.techimply.com/services/software-development/united-states,No emails found
https://www.bairesdev.com/blog/software-development-companies-in-usa/,No emails found
"https://www.glassdoor.com/Explore/top-software-development-companies-united-states_II.4,24_IIND200155_IL.35,48_IN1.htm",No emails found
https://www.trade.gov/selectusa-software-and-information-technology-industry,No emails found
https://techbehemoths.com/companies/united-states,No emails found
https://wellfound.com/startups/location/united-states,No emails found
https://www.lusha.com/company-search/software-development/021d3a8f4f/united-states/11/,No emails found
https://www.crunchbase.com/hub/united-states-software-companies,No emails found
https://www.upwork.com/agencies/software-development-companies/,No emails found
https://en.wikipedia.org/wiki/Category:Information_technology_companies_of_the_United_States,No emails found
https://selleo.com/software-development-company-us,No emails found
https://www.easyleadz.com/lists/List-of-Computer-Software-Companies-in-USA,No emails found
https://www.spaceotechnologies.com/blog/top-software-development-companies/,No emails found
https://www.deliberatedirections.com/top-software-development-companies/,No emails found
https://aloa.co/blog/software-development-companies-in-usa,No emails found
https://www.edvido.com/software-companies/usa,No emails found
https://www.sfappworks.com/top-software-development-companies-usa,No emails found
https://www.mobileappdaily.com/directory/software-development-companies/us,No emails found
https://www.builtinnyc.com/companies/type/software-companies,No emails found
https://www.salezshark.com/top/computer-software-companies-in-usa,No emails found
https://www.computer.org/publications/tech-news/trends/america-software-development-companies/,No emails found
https://www2.deloitte.com/us/en/pages/technology-media-and-telecommunications/articles/fast500-winners.html,No emails found
https://www.ibm.com/,No emails found
https://www.indeed.com/career-advice/finding-a-job/software-companies-in-us,No emails found
